"tile","x","y","latitude","longitude","warlord","previous_name","name","label_type","capital_before","capital_after","placement_status","source_urls","notes"
"14483538","221","82","37.99884","106.87500","LiJue","Lingwu","Lingzhou","settlement","false","false","Approximate game placement","https://zh.wikisource.org/zh-hant/後漢書/卷113","Tile coordinates are game hex centers, not surveyed ancient-site coordinates."
"14483539","221","83","37.14083","107.50000","LiJue","Aihaozhang","Eastern Beidi","region","false","false","Constructed regional label; approximate extent","https://zh.wikisource.org/zh-hant/後漢書/卷113","Source supports the historical geographic name, not the full English label or exact tile boundary."
"14483541","221","85","35.39537","107.50000","LiJue","Qingyang","Niyang","settlement","false","false","Approximate game placement","https://zh.wikisource.org/zh-hant/後漢書/卷113","Tile coordinates are game hex centers, not surveyed ancient-site coordinates."
"14483542","221","86","34.50811","106.87500","LiJue","Chencang","Chencang","settlement","false","false","Approximate game placement","https://zh.wikisource.org/zh-hant/後漢書/卷109","Tile coordinates are game hex centers, not surveyed ancient-site coordinates."
"14549074","222","82","37.99884","108.12500","LiJue","Anbian","Northern Shangjun","region","false","false","Constructed regional label; approximate extent","https://zh.wikisource.org/zh-hant/後漢書/卷113","Source supports the historical geographic name, not the full English label or exact tile boundary."
"14549075","222","83","37.14083","108.75000","LiJue","Aijiawancun","Western Shangjun","region","false","false","Constructed regional label; approximate extent","https://zh.wikisource.org/zh-hant/後漢書/卷113","Source supports the historical geographic name, not the full English label or exact tile boundary."
"14549076","222","84","36.27298","108.12500","LiJue","Aijia Zhaizi","Beidi-Shangjun Frontier","region","false","false","Constructed regional label; approximate extent","https://zh.wikisource.org/zh-hant/後漢書/卷113","Source supports the historical geographic name, not the full English label or exact tile boundary."
"14549077","222","85","35.39537","108.75000","LiJue","Yijun","Northern Zuopingyi","region","false","false","Constructed regional label; approximate extent","https://zh.wikisource.org/zh-hant/後漢書/卷109","Source supports the historical geographic name, not the full English label or exact tile boundary."
"14549078","222","86","34.50811","108.12500","LiJue","Xianyang","Huaili","settlement","false","false","Approximate game placement","https://zh.wikisource.org/zh-hant/後漢書/卷109","Tile coordinates are game hex centers, not surveyed ancient-site coordinates."
"14549079","222","87","33.61130","108.75000","LiJue","Yuxia","Southern Jingzhao","region","false","false","Constructed regional label; approximate extent","https://zh.wikisource.org/zh-hant/後漢書/卷109","Source supports the historical geographic name, not the full English label or exact tile boundary."
"14614610","223","82","37.99884","109.37500","LiJue","Yulin","Shangjun Highlands","region","false","false","Constructed regional label; approximate extent","https://zh.wikisource.org/zh-hant/後漢書/卷113","Source supports the historical geographic name, not the full English label or exact tile boundary."
"14614611","223","83","37.14083","110.00000","LiJue","Wayaobu","Eastern Shangjun","region","false","false","Constructed regional label; approximate extent","https://zh.wikisource.org/zh-hant/後漢書/卷113","Source supports the historical geographic name, not the full English label or exact tile boundary."
"14614612","223","84","36.27298","109.37500","LiJue","Yan'an","Southern Shangjun","region","false","false","Constructed regional label; approximate extent","https://zh.wikisource.org/zh-hant/後漢書/卷113","Source supports the historical geographic name, not the full English label or exact tile boundary."
"14614613","223","85","35.39537","110.00000","LiJue","Hancheng","Xiayang","settlement","false","false","Approximate game placement","https://zh.wikisource.org/zh-hant/後漢書/卷109","Tile coordinates are game hex centers, not surveyed ancient-site coordinates."
"14614614","223","86","34.50811","109.37500","LiJue","Chang'an","Chang'an","settlement","true","true","Approximate game placement","https://zh.wikisource.org/zh-hant/後漢書/卷109","Tile coordinates are game hex centers, not surveyed ancient-site coordinates."
"14680149","224","85","35.39537","111.25000","LiJue","Anyi","Anyi","settlement","false","false","Approximate game placement","https://zh.wikisource.org/zh-hant/後漢書/卷109","Tile coordinates are game hex centers, not surveyed ancient-site coordinates."
"14680150","224","86","34.50811","110.62500","LiJue","Sanmenxia","Hongnong","settlement","false","false","Approximate game placement","https://zh.wikisource.org/zh-hant/後漢書/卷109","Tile coordinates are game hex centers, not surveyed ancient-site coordinates."
"14745686","225","86","34.50811","111.87500","LiJue","Luoyang","Luoyang","settlement","false","false","Approximate game placement","https://zh.wikisource.org/zh-hant/後漢書/卷109","Tile coordinates are game hex centers, not surveyed ancient-site coordinates."
"14811219","226","83","37.14083","113.75000","YuanShao","Aiyejiaocun","Taihang Foothills","region","false","false","Constructed regional label; approximate extent","https://zh.wikisource.org/zh-hant/後漢書/卷109","Source supports the historical geographic name, not the full English label or exact tile boundary."
"14811220","226","84","36.27298","113.12500","YuanShao","Changzhi","Zhangzi","settlement","false","false","Approximate game placement","https://zh.wikisource.org/zh-hant/後漢書/卷113","Tile coordinates are game hex centers, not surveyed ancient-site coordinates."
"14876755","227","83","37.14083","115.00000","YuanShao","Handan","Xiangguo","settlement","false","false","Approximate game placement","https://zh.wikisource.org/zh-hant/後漢書/卷110","Tile coordinates are game hex centers, not surveyed ancient-site coordinates."
"14876756","227","84","36.27298","114.37500","YuanShao","Ye","Ye","settlement","true","true","Approximate game placement","https://zh.wikisource.org/zh-hant/後漢書/卷110","Tile coordinates are game hex centers, not surveyed ancient-site coordinates."
"14942289","228","81","38.84692","116.25000","YuanShao","Renqiu","Hejian","region","false","false","Constructed regional label; approximate extent","https://zh.wikisource.org/zh-hant/後漢書/卷110","Source supports the historical geographic name, not the full English label or exact tile boundary."
"14942290","228","82","37.99884","115.62500","YuanShao","Hengshui","Anping","settlement","false","false","Approximate game placement","https://zh.wikisource.org/zh-hant/後漢書/卷110","Tile coordinates are game hex centers, not surveyed ancient-site coordinates."
"14942291","228","83","37.14083","116.25000","YuanShao","Pingyuan","Pingyuan","settlement","false","false","Approximate game placement","https://zh.wikisource.org/zh-hant/後漢書/卷112","Tile coordinates are game hex centers, not surveyed ancient-site coordinates."
"15007824","229","80","39.68502","116.87500","YuanShao","Lu (Youzhou)","Anci","settlement","false","false","Approximate game placement","https://zh.wikisource.org/zh-hant/後漢書/卷113","Tile coordinates are game hex centers, not surveyed ancient-site coordinates. Uses nearby Han Anci county in Guangyang instead of Lu in Yuyang to avoid the Lu homonyms."
"15007825","229","81","38.84692","117.50000","YuanShao","Zhangwu","Zhangwu","settlement","false","false","Approximate game placement","https://zh.wikisource.org/zh-hant/後漢書/卷110","Tile coordinates are game hex centers, not surveyed ancient-site coordinates."
"15007826","229","82","37.99884","116.87500","YuanShao","Nanpi","Nanpi","settlement","false","false","Approximate game placement","https://zh.wikisource.org/zh-hant/後漢書/卷110","Tile coordinates are game hex centers, not surveyed ancient-site coordinates."
"15073362","230","82","37.99884","118.12500","YuanShao","Aiguo Ercun","Bohai Coast","region","false","false","Constructed regional label; approximate extent","https://zh.wikisource.org/zh-hant/後漢書/卷110","Source supports the historical geographic name, not the full English label or exact tile boundary."
"14745687","225","87","33.61130","112.50000","CaoCao","Fangcheng","Duyang","settlement","false","false","Approximate game placement","https://zh.wikisource.org/zh-hant/後漢書/卷112","Tile coordinates are game hex centers, not surveyed ancient-site coordinates."
"14811222","226","86","34.50811","113.12500","CaoCao","Yangdi","Yangdi","settlement","false","false","Approximate game placement","https://zh.wikisource.org/zh-hant/後漢書/卷110","Tile coordinates are game hex centers, not surveyed ancient-site coordinates."
"14811223","226","87","33.61130","113.75000","CaoCao","Luohe","Yan","settlement","false","false","Approximate game placement","https://zh.wikisource.org/zh-hant/後漢書/卷110","Tile coordinates are game hex centers, not surveyed ancient-site coordinates."
"14811224","226","88","32.70506","113.12500","CaoCao","Shangcai","Northeastern Nanyang","region","false","false","Constructed regional label; approximate extent","https://zh.wikisource.org/zh-hant/後漢書/卷112","Source supports the historical geographic name, not the full English label or exact tile boundary."
"14876758","227","86","34.50811","114.37500","CaoCao","Chenliu","Chenliu","settlement","true","true","Approximate game placement","https://zh.wikisource.org/zh-hant/後漢書/卷111","Tile coordinates are game hex centers, not surveyed ancient-site coordinates."
"14876759","227","87","33.61130","115.00000","CaoCao","Jieshou","Wanqiu","settlement","false","false","Approximate game placement","https://zh.wikisource.org/zh-hant/後漢書/卷110","Tile coordinates are game hex centers, not surveyed ancient-site coordinates. Uses the ancient Wanqiu place-name at Chen, recorded in the commentary to the Chen entry, to distinguish it from Chen in Guiyang."
"14876757","227","85","35.39537","115.00000","LuBu","Puyang","Puyang","settlement","true","true","Approximate game placement","https://zh.wikisource.org/zh-hant/後漢書/卷111","Tile coordinates are game hex centers, not surveyed ancient-site coordinates."
"14942292","228","84","36.27298","115.62500","LuBu","Liaocheng","Liaocheng","settlement","false","false","Approximate game placement","https://zh.wikisource.org/zh-hant/後漢書/卷111","Tile coordinates are game hex centers, not surveyed ancient-site coordinates."
"14942293","228","85","35.39537","116.25000","LuBu","Jining","Rencheng","settlement","false","false","Approximate game placement","https://zh.wikisource.org/zh-hant/後漢書/卷111","Tile coordinates are game hex centers, not surveyed ancient-site coordinates."
"15007827","229","83","37.14083","117.50000","LuBu","Yanci","Yanci","settlement","false","false","Approximate game placement","https://zh.wikisource.org/zh-hant/後漢書/卷112","Tile coordinates are game hex centers, not surveyed ancient-site coordinates."
"15007828","229","84","36.27298","116.87500","LuBu","Fenggao","Fenggao","settlement","false","false","Approximate game placement","https://zh.wikisource.org/zh-hant/後漢書/卷111","Tile coordinates are game hex centers, not surveyed ancient-site coordinates."
"14942294","228","86","34.50811","115.62500","LiuBei","Shangqiu","Suiyang","settlement","false","false","Approximate game placement","https://zh.wikisource.org/zh-hant/後漢書/卷110","Tile coordinates are game hex centers, not surveyed ancient-site coordinates."
"14942295","228","87","33.61130","116.25000","LiuBei","Qiao","Qiao","settlement","false","false","Approximate game placement","https://zh.wikisource.org/zh-hant/後漢書/卷110","Tile coordinates are game hex centers, not surveyed ancient-site coordinates."
"15007829","229","85","35.39537","117.50000","LiuBei","Zaozhuang","Qufu","settlement","false","false","Approximate game placement","https://zh.wikisource.org/zh-hant/後漢書/卷110","Tile coordinates are game hex centers, not surveyed ancient-site coordinates. Uses the ancient Qufu place-name within the city of Lu, explicitly identified by Ying Shao in the source commentary."
"15007830","229","86","34.50811","116.87500","LiuBei","Xiaopei","Xiaopei","settlement","true","true","Approximate game placement","https://zh.wikisource.org/zh-hant/後漢書/卷110","Tile coordinates are game hex centers, not surveyed ancient-site coordinates. Pei county; Xiaopei is the familiar late-Han designation."
"15007831","229","87","33.61130","117.50000","LiuBei","Suicheng","Xiaqiu","settlement","false","false","Approximate game placement","https://zh.wikisource.org/zh-hant/後漢書/卷111","Tile coordinates are game hex centers, not surveyed ancient-site coordinates."
"14352479","219","95","26.10968","105.00000","LiuBiao","Liupanshui","Western Zangke","region","false","false","Constructed regional label; approximate extent","https://zh.wikisource.org/zh-hant/後漢書/卷113","Source supports the historical geographic name, not the full English label or exact tile boundary."
"14418011","220","91","29.93112","106.25000","LiuBiao","Chongqing","Jiangzhou","settlement","false","false","Approximate game placement","https://zh.wikisource.org/zh-hant/後漢書/卷113","Tile coordinates are game hex centers, not surveyed ancient-site coordinates."
"14418012","220","92","28.98858","105.62500","LiuBiao","Jiangzhou","Jiangyang","settlement","false","false","Approximate game placement","https://zh.wikisource.org/zh-hant/後漢書/卷113","Tile coordinates are game hex centers, not surveyed ancient-site coordinates."
"14418013","220","93","28.03737","106.25000","LiuBiao","Gulin","Northern Zangke","region","false","false","Constructed regional label; approximate extent","https://zh.wikisource.org/zh-hant/後漢書/卷113","Source supports the historical geographic name, not the full English label or exact tile boundary."
"14418014","220","94","27.07767","105.62500","LiuBiao","Bijie","Northwestern Zangke","region","false","false","Constructed regional label; approximate extent","https://zh.wikisource.org/zh-hant/後漢書/卷113","Source supports the historical geographic name, not the full English label or exact tile boundary."
"14418015","220","95","26.10968","106.25000","LiuBiao","Anshun","Central Zangke","region","false","false","Constructed regional label; approximate extent","https://zh.wikisource.org/zh-hant/後漢書/卷113","Source supports the historical geographic name, not the full English label or exact tile boundary."
"14483547","221","91","29.93112","107.50000","LiuBiao","Fuling","Pingdu","settlement","false","false","Approximate game placement","https://zh.wikisource.org/zh-hant/後漢書/卷113","Tile coordinates are game hex centers, not surveyed ancient-site coordinates."
"14483548","221","92","28.98858","106.87500","LiuBiao","Banan","Southern Ba","region","false","false","Constructed regional label; approximate extent","https://zh.wikisource.org/zh-hant/後漢書/卷113","Source supports the historical geographic name, not the full English label or exact tile boundary."
"14483549","221","93","28.03737","107.50000","LiuBiao","Xujiaba","Zangke Highlands","region","false","false","Constructed regional label; approximate extent","https://zh.wikisource.org/zh-hant/後漢書/卷113","Source supports the historical geographic name, not the full English label or exact tile boundary."
"14483550","221","94","27.07767","106.87500","LiuBiao","Guiyang","Western Zangke Highlands","region","false","false","Constructed regional label; approximate extent","https://zh.wikisource.org/zh-hant/後漢書/卷113","Source supports the historical geographic name, not the full English label or exact tile boundary."
"14483551","221","95","26.10968","107.50000","LiuBiao","Duyun","Southern Zangke","region","false","false","Constructed regional label; approximate extent","https://zh.wikisource.org/zh-hant/後漢書/卷113","Source supports the historical geographic name, not the full English label or exact tile boundary."
"14549083","222","91","29.93112","108.75000","LiuBiao","Qianjiang","Eastern Ba","region","false","false","Constructed regional label; approximate extent","https://zh.wikisource.org/zh-hant/後漢書/卷113","Source supports the historical geographic name, not the full English label or exact tile boundary."
"14549084","222","92","28.98858","108.12500","LiuBiao","Hanjia","Fuling","settlement","false","false","Approximate game placement","https://zh.wikisource.org/zh-hant/後漢書/卷113","Tile coordinates are game hex centers, not surveyed ancient-site coordinates."
"14549085","222","93","28.03737","108.75000","LiuBiao","Zhonghe","Western Wuling","region","false","false","Constructed regional label; approximate extent","https://zh.wikisource.org/zh-hant/後漢書/卷112","Source supports the historical geographic name, not the full English label or exact tile boundary."
"14549086","222","94","27.07767","108.12500","LiuBiao","Kaili","Eastern Zangke","region","false","false","Constructed regional label; approximate extent","https://zh.wikisource.org/zh-hant/後漢書/卷113","Source supports the historical geographic name, not the full English label or exact tile boundary."
"14549087","222","95","26.10968","108.75000","LiuBiao","Liping","Southeastern Zangke","region","false","false","Constructed regional label; approximate extent","https://zh.wikisource.org/zh-hant/後漢書/卷113","Source supports the historical geographic name, not the full English label or exact tile boundary."
"14614618","223","90","30.86482","109.37500","LiuBiao","Enshi","Nan Commandery Highlands","region","false","false","Constructed regional label; approximate extent","https://zh.wikisource.org/zh-hant/後漢書/卷112","Source supports the historical geographic name, not the full English label or exact tile boundary."
"14614619","223","91","29.93112","110.00000","LiuBiao","Aijia Zhouzi","Western Nan Commandery","region","false","false","Constructed regional label; approximate extent","https://zh.wikisource.org/zh-hant/後漢書/卷112","Source supports the historical geographic name, not the full English label or exact tile boundary."
"14614620","223","92","28.98858","109.37500","LiuBiao","Zhongduo","Qianling","settlement","false","false","Approximate game placement","https://zh.wikisource.org/zh-hant/後漢書/卷112","Tile coordinates are game hex centers, not surveyed ancient-site coordinates."
"14614621","223","93","28.03737","110.00000","LiuBiao","Huaihua","Yuanling","settlement","false","false","Approximate game placement","https://zh.wikisource.org/zh-hant/後漢書/卷112","Tile coordinates are game hex centers, not surveyed ancient-site coordinates."
"14614622","223","94","27.07767","109.37500","LiuBiao","Hongjiang","Southwestern Wuling","region","false","false","Constructed regional label; approximate extent","https://zh.wikisource.org/zh-hant/後漢書/卷112","Source supports the historical geographic name, not the full English label or exact tile boundary."
"14614623","223","95","26.10968","110.00000","LiuBiao","Hongzhou","Tancheng","settlement","false","false","Approximate game placement","https://zh.wikisource.org/zh-hant/後漢書/卷112","Tile coordinates are game hex centers, not surveyed ancient-site coordinates."
"14680153","224","89","31.78952","111.25000","LiuBiao","Nanzhang Chengguanzhen","Zhonglu","settlement","false","false","Approximate game placement","https://zh.wikisource.org/zh-hant/後漢書/卷112","Tile coordinates are game hex centers, not surveyed ancient-site coordinates."
"14680154","224","90","30.86482","110.62500","LiuBiao","Luoping","Nan Commandery Gorges","region","false","false","Constructed regional label; approximate extent","https://zh.wikisource.org/zh-hant/後漢書/卷112","Source supports the historical geographic name, not the full English label or exact tile boundary."
"14680155","224","91","29.93112","111.25000","LiuBiao","Zhicheng","Yidao","settlement","false","false","Approximate game placement","https://zh.wikisource.org/zh-hant/後漢書/卷112","Tile coordinates are game hex centers, not surveyed ancient-site coordinates."
"14680156","224","92","28.98858","110.62500","LiuBiao","Linyuan","Lingyang","settlement","false","false","Approximate game placement","https://zh.wikisource.org/zh-hant/後漢書/卷112","Tile coordinates are game hex centers, not surveyed ancient-site coordinates."
"14680157","224","93","28.03737","111.25000","LiuBiao","Lengshuijiang","Central Wuling","region","false","false","Constructed regional label; approximate extent","https://zh.wikisource.org/zh-hant/後漢書/卷112","Source supports the historical geographic name, not the full English label or exact tile boundary."
"14680158","224","94","27.07767","110.62500","LiuBiao","Wugang","Duliang","settlement","false","false","Approximate game placement","https://zh.wikisource.org/zh-hant/後漢書/卷112","Tile coordinates are game hex centers, not surveyed ancient-site coordinates."
"14680159","224","95","26.10968","111.25000","LiuBiao","Quanling","Quanling","settlement","false","false","Approximate game placement","https://zh.wikisource.org/zh-hant/後漢書/卷112","Tile coordinates are game hex centers, not surveyed ancient-site coordinates."
"14745688","225","88","32.70506","111.87500","LiuBiao","Wan","Wan","settlement","false","false","Approximate game placement","https://zh.wikisource.org/zh-hant/後漢書/卷112","Tile coordinates are game hex centers, not surveyed ancient-site coordinates."
"14745689","225","89","31.78952","112.50000","LiuBiao","Xiangyang","Xiangyang","settlement","true","true","Approximate game placement","https://zh.wikisource.org/zh-hant/後漢書/卷112","Tile coordinates are game hex centers, not surveyed ancient-site coordinates."
"14745690","225","90","30.86482","111.87500","LiuBiao","Yiling","Yiling","settlement","false","false","Approximate game placement","https://zh.wikisource.org/zh-hant/後漢書/卷112","Tile coordinates are game hex centers, not surveyed ancient-site coordinates."
"14745691","225","91","29.93112","112.50000","LiuBiao","Jiangling","Jiangling","settlement","false","false","Approximate game placement","https://zh.wikisource.org/zh-hant/後漢書/卷112","Tile coordinates are game hex centers, not surveyed ancient-site coordinates."
"14745692","225","92","28.98858","111.87500","LiuBiao","Hanshou","Linyuan","settlement","false","false","Approximate game placement","https://zh.wikisource.org/zh-hant/後漢書/卷112","Tile coordinates are game hex centers, not surveyed ancient-site coordinates."
"14745693","225","93","28.03737","112.50000","LiuBiao","Linxiang","Linxiang","settlement","false","false","Approximate game placement","https://zh.wikisource.org/zh-hant/後漢書/卷112","Tile coordinates are game hex centers, not surveyed ancient-site coordinates."
"14745694","225","94","27.07767","111.87500","LiuBiao","Shaoyang","Zhaoling","settlement","false","false","Approximate game placement","https://zh.wikisource.org/zh-hant/後漢書/卷112","Tile coordinates are game hex centers, not surveyed ancient-site coordinates."
"14811226","226","90","30.86482","113.12500","LiuBiao","Zhongxiang","Anlu","settlement","false","false","Approximate game placement","https://zh.wikisource.org/zh-hant/後漢書/卷112","Tile coordinates are game hex centers, not surveyed ancient-site coordinates. Han Anlu near modern Zhongxiang; not the modern city of Anlu."
"14811227","226","91","29.93112","113.75000","LiuBiao","Xiling","Shaxian","settlement","false","false","Approximate game placement","https://zh.wikisource.org/zh-hant/後漢書/卷112","Tile coordinates are game hex centers, not surveyed ancient-site coordinates."
"14811228","226","92","28.98858","113.12500","LiuBiao","Baling","Luo","settlement","false","false","Approximate game placement","https://zh.wikisource.org/zh-hant/後漢書/卷112","Tile coordinates are game hex centers, not surveyed ancient-site coordinates."
"14811229","226","93","28.03737","113.75000","LiuBiao","Guankou","Liling","settlement","false","false","Approximate game placement","https://zh.wikisource.org/zh-hant/後漢書/卷112","Tile coordinates are game hex centers, not surveyed ancient-site coordinates."
"14811230","226","94","27.07767","113.12500","LiuBiao","Hengyang","You","settlement","false","false","Approximate game placement","https://zh.wikisource.org/zh-hant/後漢書/卷112","Tile coordinates are game hex centers, not surveyed ancient-site coordinates."
"14876764","227","92","28.98858","114.37500","LiuBiao","Aicun","Western Yuzhang","region","false","false","Constructed regional label; approximate extent","https://zh.wikisource.org/zh-hant/後漢書/卷112","Source supports the historical geographic name, not the full English label or exact tile boundary."
"15073369","230","89","31.78952","118.75000","SunCe","Liyang","Moling","settlement","false","false","Approximate game placement","https://zh.wikisource.org/zh-hant/後漢書/卷112","Tile coordinates are game hex centers, not surveyed ancient-site coordinates."
"15138904","231","88","32.70506","119.37500","SunCe","Guangling","Guangling","settlement","true","true","Approximate game placement","https://zh.wikisource.org/zh-hant/後漢書/卷111","Tile coordinates are game hex centers, not surveyed ancient-site coordinates."
"15138905","231","89","31.78952","120.00000","SunCe","Qu'a","Qu'a","settlement","false","false","Approximate game placement","https://zh.wikisource.org/zh-hant/後漢書/卷112","Tile coordinates are game hex centers, not surveyed ancient-site coordinates."
"15204440","232","88","32.70506","120.62500","SunCe","Dongtai","Eastern Guangling","region","false","false","Constructed regional label; approximate extent","https://zh.wikisource.org/zh-hant/後漢書/卷111","Source supports the historical geographic name, not the full English label or exact tile boundary."
"15204441","232","89","31.78952","121.25000","SunCe","Nantong","Yangtze Estuary","region","false","false","Constructed regional label; approximate extent","https://zh.wikisource.org/zh-hant/後漢書/卷112","Source supports the historical geographic name, not the full English label or exact tile boundary. Geographic label; the game retains its modern coastline."
"14024799","214","95","26.10968","98.75000","LiuZhang","Nu River Valley","Northwestern Yongchang","region","false","false","Constructed regional label; approximate extent","https://zh.wikisource.org/zh-hant/後漢書/卷113","Source supports the historical geographic name, not the full English label or exact tile boundary."
"14024800","214","96","25.13362","98.12500","LiuZhang","Gaoligong Mountains","Western Yongchang Frontier","region","false","false","Constructed regional label; approximate extent","https://zh.wikisource.org/zh-hant/後漢書/卷113","Source supports the historical geographic name, not the full English label or exact tile boundary."
"14024801","214","97","24.14968","98.75000","LiuZhang","Ailao","Ailao","region","false","false","Constructed regional label; approximate extent","https://zh.wikisource.org/zh-hant/後漢書/卷113","Source supports the historical geographic name, not the full English label or exact tile boundary."
"14090335","215","95","26.10968","100.00000","LiuZhang","Yeyu","Yeyu","settlement","false","false","Approximate game placement","https://zh.wikisource.org/zh-hant/後漢書/卷113","Tile coordinates are game hex centers, not surveyed ancient-site coordinates."
"14090336","215","96","25.13362","99.37500","LiuZhang","Buwei","Buwei","settlement","false","false","Approximate game placement","https://zh.wikisource.org/zh-hant/後漢書/卷113","Tile coordinates are game hex centers, not surveyed ancient-site coordinates."
"14090337","215","97","24.14968","100.00000","LiuZhang","Southern Yongchang","Southern Yongchang","region","false","false","Constructed regional label; approximate extent","https://zh.wikisource.org/zh-hant/後漢書/卷113","Source supports the historical geographic name, not the full English label or exact tile boundary."
"14090338","215","98","23.15812","99.37500","LiuZhang","Lancang Valley","Southern Yongchang Frontier","region","false","false","Constructed regional label; approximate extent","https://zh.wikisource.org/zh-hant/後漢書/卷113","Source supports the historical geographic name, not the full English label or exact tile boundary."
"14090339","215","99","22.15916","100.00000","LiuZhang","Western Ailao Frontier","Western Ailao Frontier","region","false","false","Constructed regional label; approximate extent","https://zh.wikisource.org/zh-hant/後漢書/卷113","Source supports the historical geographic name, not the full English label or exact tile boundary."
"14155869","216","93","28.03737","101.25000","LiuZhang","Yongning","Northern Yuexi","region","false","false","Constructed regional label; approximate extent","https://zh.wikisource.org/zh-hant/後漢書/卷113","Source supports the historical geographic name, not the full English label or exact tile boundary."
"14155870","216","94","27.07767","100.62500","LiuZhang","Lijiang","Northwestern Yuexi","region","false","false","Constructed regional label; approximate extent","https://zh.wikisource.org/zh-hant/後漢書/卷113","Source supports the historical geographic name, not the full English label or exact tile boundary."
"14155871","216","95","26.10968","101.25000","LiuZhang","Zhongxin","Qingling","settlement","false","false","Approximate game placement","https://zh.wikisource.org/zh-hant/後漢書/卷113","Tile coordinates are game hex centers, not surveyed ancient-site coordinates."
"14155872","216","96","25.13362","100.62500","LiuZhang","Xiangcheng","Yunnan","settlement","false","false","Approximate game placement","https://zh.wikisource.org/zh-hant/後漢書/卷113","Tile coordinates are game hex centers, not surveyed ancient-site coordinates. Han county, not the modern province."
"14155873","216","97","24.14968","101.25000","LiuZhang","Wuliang Mountains","Yongchang-Yizhou Frontier","region","false","false","Constructed regional label; approximate extent","https://zh.wikisource.org/zh-hant/後漢書/卷113","Source supports the historical geographic name, not the full English label or exact tile boundary."
"14155874","216","98","23.15812","100.62500","LiuZhang","Southern Yizhou","Southwestern Yizhou Commandery","region","false","false","Constructed regional label; approximate extent","https://zh.wikisource.org/zh-hant/後漢書/卷113","Source supports the historical geographic name, not the full English label or exact tile boundary."
"14155875","216","99","22.15916","101.25000","LiuZhang","Southern Ailao Frontier","Southern Ailao Frontier","region","false","false","Constructed regional label; approximate extent","https://zh.wikisource.org/zh-hant/後漢書/卷113","Source supports the historical geographic name, not the full English label or exact tile boundary."
"14221402","217","90","30.86482","101.87500","LiuZhang","Western Wenshan","Western Shu Frontier","region","false","false","Constructed regional label; approximate extent","https://zh.wikisource.org/zh-hant/後漢書/卷113","Source supports the historical geographic name, not the full English label or exact tile boundary."
"14221403","217","91","29.93112","102.50000","LiuZhang","Ya'an","Yandao","settlement","false","false","Approximate game placement","https://zh.wikisource.org/zh-hant/後漢書/卷113","Tile coordinates are game hex centers, not surveyed ancient-site coordinates."
"14221404","217","92","28.98858","101.87500","LiuZhang","A'erbaxia","Northwestern Yuexi Highlands","region","false","false","Constructed regional label; approximate extent","https://zh.wikisource.org/zh-hant/後漢書/卷113","Source supports the historical geographic name, not the full English label or exact tile boundary."
"14221405","217","93","28.03737","102.50000","LiuZhang","Qiongdu","Qiongdu","settlement","false","false","Approximate game placement","https://zh.wikisource.org/zh-hant/後漢書/卷113","Tile coordinates are game hex centers, not surveyed ancient-site coordinates."
"14221406","217","94","27.07767","101.87500","LiuZhang","Panzhihua","Huiwu","settlement","false","false","Approximate game placement","https://zh.wikisource.org/zh-hant/後漢書/卷113","Tile coordinates are game hex centers, not surveyed ancient-site coordinates."
"14221407","217","95","26.10968","102.50000","LiuZhang","Abieka","Northern Yizhou Commandery","region","false","false","Constructed regional label; approximate extent","https://zh.wikisource.org/zh-hant/後漢書/卷113","Source supports the historical geographic name, not the full English label or exact tile boundary."
"14221408","217","96","25.13362","101.87500","LiuZhang","Dianchi","Western Yizhou Commandery","region","false","false","Constructed regional label; approximate extent","https://zh.wikisource.org/zh-hant/後漢書/卷113","Source supports the historical geographic name, not the full English label or exact tile boundary."
"14221409","217","97","24.14968","102.50000","LiuZhang","Yuxi","Yuyuan","settlement","false","false","Approximate game placement","https://zh.wikisource.org/zh-hant/後漢書/卷113","Tile coordinates are game hex centers, not surveyed ancient-site coordinates."
"14221410","217","98","23.15812","101.87500","LiuZhang","Lixian River","Southwestern Yizhou Frontier","region","false","false","Constructed regional label; approximate extent","https://zh.wikisource.org/zh-hant/後漢書/卷113","Source supports the historical geographic name, not the full English label or exact tile boundary."
"14286937","218","89","31.78952","103.75000","LiuZhang","Miansi","Miansi","settlement","false","false","Approximate game placement","https://zh.wikisource.org/zh-hant/後漢書/卷113","Tile coordinates are game hex centers, not surveyed ancient-site coordinates. Han Miansi road district, not an unverified modern village."
"14286938","218","90","30.86482","103.12500","LiuZhang","Linqiong","Linqiong","settlement","false","false","Approximate game placement","https://zh.wikisource.org/zh-hant/後漢書/卷113","Tile coordinates are game hex centers, not surveyed ancient-site coordinates."
"14286939","218","91","29.93112","103.75000","LiuZhang","Chengdu","Wuyang","settlement","true","false","Approximate game placement","https://zh.wikisource.org/zh-hant/後漢書/卷113","Tile coordinates are game hex centers, not surveyed ancient-site coordinates."
"14286940","218","92","28.98858","103.12500","LiuZhang","A'er","Western Qianwei","region","false","false","Constructed regional label; approximate extent","https://zh.wikisource.org/zh-hant/後漢書/卷113","Source supports the historical geographic name, not the full English label or exact tile boundary."
"14286941","218","93","28.03737","103.75000","LiuZhang","Achulu","Southern Qianwei","region","false","false","Constructed regional label; approximate extent","https://zh.wikisource.org/zh-hant/後漢書/卷113","Source supports the historical geographic name, not the full English label or exact tile boundary."
"14286942","218","94","27.07767","103.12500","LiuZhang","Zhaotong","Zhuti","settlement","false","false","Approximate game placement","https://zh.wikisource.org/zh-hant/後漢書/卷113","Tile coordinates are game hex centers, not surveyed ancient-site coordinates."
"14286943","218","95","26.10968","103.75000","LiuZhang","Qujing","Wei","settlement","false","false","Approximate game placement","https://zh.wikisource.org/zh-hant/後漢書/卷113","Tile coordinates are game hex centers, not surveyed ancient-site coordinates."
"14286944","218","96","25.13362","103.12500","LiuZhang","Kunming","Dianchi","settlement","false","false","Approximate game placement","https://zh.wikisource.org/zh-hant/後漢書/卷113","Tile coordinates are game hex centers, not surveyed ancient-site coordinates."
"14286945","218","97","24.14968","103.75000","LiuZhang","Zhongshu","Eastern Yizhou Commandery","region","false","false","Constructed regional label; approximate extent","https://zh.wikisource.org/zh-hant/後漢書/卷113","Source supports the historical geographic name, not the full English label or exact tile boundary."
"14352473","219","89","31.78952","105.00000","LiuZhang","Zitong","Zitong","settlement","false","false","Approximate game placement","https://zh.wikisource.org/zh-hant/後漢書/卷113","Tile coordinates are game hex centers, not surveyed ancient-site coordinates."
"14352474","219","90","30.86482","104.37500","LiuZhang","Mianzhu","Chengdu","settlement","false","true","Approximate game placement","https://zh.wikisource.org/zh-hant/後漢書/卷113","Tile coordinates are game hex centers, not surveyed ancient-site coordinates."
"14352475","219","91","29.93112","105.00000","LiuZhang","Neijiang","Han'an","settlement","false","false","Approximate game placement","https://zh.wikisource.org/zh-hant/後漢書/卷113","Tile coordinates are game hex centers, not surveyed ancient-site coordinates."
"14352476","219","92","28.98858","104.37500","LiuZhang","Ziliujing","Bodao","settlement","false","false","Approximate game placement","https://zh.wikisource.org/zh-hant/後漢書/卷113","Tile coordinates are game hex centers, not surveyed ancient-site coordinates."
"14352477","219","93","28.03737","105.00000","LiuZhang","Xunchang","Nanguang","settlement","false","false","Approximate game placement","https://zh.wikisource.org/zh-hant/後漢書/卷113","Tile coordinates are game hex centers, not surveyed ancient-site coordinates."
"14352478","219","94","27.07767","104.37500","LiuZhang","Weining","Eastern Qianwei Dependency","region","false","false","Constructed regional label; approximate extent","https://zh.wikisource.org/zh-hant/後漢書/卷113","Source supports the historical geographic name, not the full English label or exact tile boundary."
"14811225","226","89","31.78952","113.75000","YuanShu","Xinyang","Yiyang","settlement","false","false","Approximate game placement","https://zh.wikisource.org/zh-hant/後漢書/卷112","Tile coordinates are game hex centers, not surveyed ancient-site coordinates."
"14876760","227","88","32.70506","114.37500","YuanShu","Pingyu","Pingyu","settlement","false","false","Approximate game placement","https://zh.wikisource.org/zh-hant/後漢書/卷110","Tile coordinates are game hex centers, not surveyed ancient-site coordinates."
"14876761","227","89","31.78952","115.00000","YuanShu","Huangchuan","Xiyang","settlement","false","false","Approximate game placement","https://zh.wikisource.org/zh-hant/後漢書/卷112","Tile coordinates are game hex centers, not surveyed ancient-site coordinates."
"14876762","227","90","30.86482","114.37500","YuanShu","E","Xiling","settlement","false","false","Approximate game placement","https://zh.wikisource.org/zh-hant/後漢書/卷112","Tile coordinates are game hex centers, not surveyed ancient-site coordinates."
"14876763","227","91","29.93112","115.00000","YuanShu","Daye","E","settlement","false","false","Approximate game placement","https://zh.wikisource.org/zh-hant/後漢書/卷112","Tile coordinates are game hex centers, not surveyed ancient-site coordinates."
"14942296","228","88","32.70506","115.62500","YuanShu","Fuyang","Ruyin","settlement","false","false","Approximate game placement","https://zh.wikisource.org/zh-hant/後漢書/卷110","Tile coordinates are game hex centers, not surveyed ancient-site coordinates."
"14942297","228","89","31.78952","116.25000","YuanShu","Shouchun","Lu","settlement","true","false","Approximate game placement","https://zh.wikisource.org/zh-hant/後漢書/卷112","Tile coordinates are game hex centers, not surveyed ancient-site coordinates. Lu denotes the Han county of 六 in Lujiang; the other former Lu labels now use Anci and Qufu."
"14942298","228","90","30.86482","115.62500","YuanShu","Macheng","Eastern Jiangxia","region","false","false","Constructed regional label; approximate extent","https://zh.wikisource.org/zh-hant/後漢書/卷112","Source supports the historical geographic name, not the full English label or exact tile boundary."
"14942299","228","91","29.93112","116.25000","YuanShu","Jiujiang","Chaisang","settlement","false","false","Approximate game placement","https://zh.wikisource.org/zh-hant/後漢書/卷112","Tile coordinates are game hex centers, not surveyed ancient-site coordinates."
"15007832","229","88","32.70506","116.87500","YuanShu","Xiacai","Shouchun","settlement","false","true","Approximate game placement","https://zh.wikisource.org/zh-hant/後漢書/卷112","Tile coordinates are game hex centers, not surveyed ancient-site coordinates."
"15007833","229","89","31.78952","117.50000","YuanShu","Hefei","Hefei","settlement","false","false","Approximate game placement","https://zh.wikisource.org/zh-hant/後漢書/卷112","Tile coordinates are game hex centers, not surveyed ancient-site coordinates."
"14811215","226","79","40.51307","113.75000","GongsunZan","Beichengqu","Dai Commandery","region","false","false","Constructed regional label; approximate extent","https://zh.wikisource.org/zh-hant/後漢書/卷113","Source supports the historical geographic name, not the full English label or exact tile boundary."
"14876750","227","78","41.33101","114.37500","GongsunZan","Alabuluo","Northern Shanggu Frontier","region","false","false","Constructed regional label; approximate extent","https://zh.wikisource.org/zh-hant/後漢書/卷113","Source supports the historical geographic name, not the full English label or exact tile boundary."
"14876751","227","79","40.51307","115.00000","GongsunZan","Zhangjiakou","Western Shanggu","region","false","false","Constructed regional label; approximate extent","https://zh.wikisource.org/zh-hant/後漢書/卷113","Source supports the historical geographic name, not the full English label or exact tile boundary."
"14876752","227","80","39.68502","114.37500","GongsunZan","Aihecun","Dai","settlement","false","false","Approximate game placement","https://zh.wikisource.org/zh-hant/後漢書/卷113","Tile coordinates are game hex centers, not surveyed ancient-site coordinates."
"14942286","228","78","41.33101","115.62500","GongsunZan","Abutaigoucun","Northern Shanggu","region","false","false","Constructed regional label; approximate extent","https://zh.wikisource.org/zh-hant/後漢書/卷113","Source supports the historical geographic name, not the full English label or exact tile boundary."
"14942287","228","79","40.51307","116.25000","GongsunZan","Changping","Changping","settlement","false","false","Approximate game placement","https://zh.wikisource.org/zh-hant/後漢書/卷113","Tile coordinates are game hex centers, not surveyed ancient-site coordinates."
"14942288","228","80","39.68502","115.62500","GongsunZan","Ji","Ji","settlement","true","true","Approximate game placement","https://zh.wikisource.org/zh-hant/後漢書/卷113","Tile coordinates are game hex centers, not surveyed ancient-site coordinates. Ji represents the old Beijing area with a coarse placement within the existing balanced territory."
"15007822","229","78","41.33101","116.87500","GongsunZan","Ahugou","Northern Yuyang","region","false","false","Constructed regional label; approximate extent","https://zh.wikisource.org/zh-hant/後漢書/卷113","Source supports the historical geographic name, not the full English label or exact tile boundary."
"15007823","229","79","40.51307","117.50000","GongsunZan","Aiwacun","Yuyang","settlement","false","false","Approximate game placement","https://zh.wikisource.org/zh-hant/後漢書/卷113","Tile coordinates are game hex centers, not surveyed ancient-site coordinates."
"15073358","230","78","41.33101","118.12500","GongsunZan","Chengde","Northern Youbeiping","region","false","false","Constructed regional label; approximate extent","https://zh.wikisource.org/zh-hant/後漢書/卷113","Source supports the historical geographic name, not the full English label or exact tile boundary."
"15073359","230","79","40.51307","118.75000","GongsunZan","Songlingcun","Youbeiping Uplands","region","false","false","Constructed regional label; approximate extent","https://zh.wikisource.org/zh-hant/後漢書/卷113","Source supports the historical geographic name, not the full English label or exact tile boundary."
"15073360","230","80","39.68502","118.12500","GongsunZan","Tuyin","Tuyin","settlement","false","false","Approximate game placement","https://zh.wikisource.org/zh-hant/後漢書/卷113","Tile coordinates are game hex centers, not surveyed ancient-site coordinates."
"15138894","231","78","41.33101","119.37500","GongsunZan","Lingyuan","Northern Liaoxi","region","false","false","Constructed regional label; approximate extent","https://zh.wikisource.org/zh-hant/後漢書/卷113","Source supports the historical geographic name, not the full English label or exact tile boundary."
"15138895","231","79","40.51307","120.00000","GongsunZan","Anjiatun","Liaoxi Uplands","region","false","false","Constructed regional label; approximate extent","https://zh.wikisource.org/zh-hant/後漢書/卷113","Source supports the historical geographic name, not the full English label or exact tile boundary."
"15138896","231","80","39.68502","119.37500","GongsunZan","Shanhaiguan","Lingzhi","settlement","false","false","Approximate game placement","https://zh.wikisource.org/zh-hant/後漢書/卷113","Tile coordinates are game hex centers, not surveyed ancient-site coordinates."
"15204430","232","78","41.33101","120.62500","GongsunDu","Jinzhou","Tuhe","settlement","false","false","Approximate game placement","https://zh.wikisource.org/zh-hant/後漢書/卷113","Tile coordinates are game hex centers, not surveyed ancient-site coordinates."
"15269965","233","77","42.13882","122.50000","GongsunDu","Xinmin","Northern Liaodong Dependency","region","false","false","Constructed regional label; approximate extent","https://zh.wikisource.org/zh-hant/後漢書/卷113","Source supports the historical geographic name, not the full English label or exact tile boundary."
"15269966","233","78","41.33101","121.87500","GongsunDu","Guangning","Wulü","settlement","false","false","Approximate game placement","https://zh.wikisource.org/zh-hant/後漢書/卷113","Tile coordinates are game hex centers, not surveyed ancient-site coordinates."
"15269967","233","79","40.51307","122.50000","GongsunDu","Yingkou","Anshi","settlement","false","false","Approximate game placement","https://zh.wikisource.org/zh-hant/後漢書/卷113","Tile coordinates are game hex centers, not surveyed ancient-site coordinates."
"15269968","233","80","39.68502","121.87500","GongsunDu","Pulandian","Southern Liaodong Coast","region","false","false","Constructed regional label; approximate extent","https://zh.wikisource.org/zh-hant/後漢書/卷113","Source supports the historical geographic name, not the full English label or exact tile boundary."
"15335501","234","77","42.13882","123.75000","GongsunDu","Xuantu","Xuantu","region","false","false","Constructed regional label; approximate extent","https://zh.wikisource.org/zh-hant/後漢書/卷113","Source supports the historical geographic name, not the full English label or exact tile boundary."
"15335502","234","78","41.33101","123.12500","GongsunDu","Xiangping","Xiangping","settlement","true","true","Approximate game placement","https://zh.wikisource.org/zh-hant/後漢書/卷113","Tile coordinates are game hex centers, not surveyed ancient-site coordinates."
"15335503","234","79","40.51307","123.75000","GongsunDu","Fengcheng","Eastern Liaodong","region","false","false","Constructed regional label; approximate extent","https://zh.wikisource.org/zh-hant/後漢書/卷113","Source supports the historical geographic name, not the full English label or exact tile boundary."
"15401038","235","78","41.33101","124.37500","GongsunDu","Benxi","Liaodong Highlands","region","false","false","Constructed regional label; approximate extent","https://zh.wikisource.org/zh-hant/後漢書/卷113","Source supports the historical geographic name, not the full English label or exact tile boundary."
"15401039","235","79","40.51307","125.00000","GongsunDu","Kuandian","Liaodong-Goguryeo Frontier","region","false","false","Constructed regional label; approximate extent","https://zh.wikisource.org/zh-hant/後漢書/卷85","Source supports the historical geographic name, not the full English label or exact tile boundary."
"15466576","236","80","39.68502","125.62500","GongsunDu","Sunch'on","Northern Lelang","region","false","false","Constructed regional label; approximate extent","https://zh.wikisource.org/zh-hant/後漢書/卷113","Source supports the historical geographic name, not the full English label or exact tile boundary."
"15466577","236","81","38.84692","126.25000","GongsunDu","Chaoxian","Chaoxian","settlement","false","false","Approximate game placement","https://zh.wikisource.org/zh-hant/後漢書/卷113","Tile coordinates are game hex centers, not surveyed ancient-site coordinates."
"15466578","236","82","37.99884","125.62500","GongsunDu","Haeju","Southern Lelang","region","false","false","Constructed regional label; approximate extent","https://zh.wikisource.org/zh-hant/後漢書/卷113","Source supports the historical geographic name, not the full English label or exact tile boundary. Avoids the later Daifang commandery, established after the scenario date."
"15532113","237","81","38.84692","127.50000","GongsunDu","Wonsanjin","Eastern Ye Lands","region","false","false","Constructed regional label; approximate extent","https://zh.wikisource.org/zh-hant/後漢書/卷85","Source supports the historical geographic name, not the full English label or exact tile boundary. Ethnogeographic label; not Dongye in Fujian."
"15073365","230","85","35.39537","118.75000","TaoQian","Ju","Ju","settlement","false","false","Approximate game placement","https://zh.wikisource.org/zh-hant/後漢書/卷111","Tile coordinates are game hex centers, not surveyed ancient-site coordinates."
"15073366","230","86","34.50811","118.12500","TaoQian","Tan","Tan","settlement","true","true","Approximate game placement","https://zh.wikisource.org/zh-hant/後漢書/卷111","Tile coordinates are game hex centers, not surveyed ancient-site coordinates."
"15073367","230","87","33.61130","118.75000","TaoQian","Huai'an","Huaiyin","settlement","false","false","Approximate game placement","https://zh.wikisource.org/zh-hant/後漢書/卷111","Tile coordinates are game hex centers, not surveyed ancient-site coordinates."
"15073368","230","88","32.70506","118.12500","TaoQian","Chuzhou","Xuyi","settlement","false","false","Approximate game placement","https://zh.wikisource.org/zh-hant/後漢書/卷111","Tile coordinates are game hex centers, not surveyed ancient-site coordinates."
"15138902","231","86","34.50811","119.37500","TaoQian","Haizhou","Qu","settlement","false","false","Approximate game placement","https://zh.wikisource.org/zh-hant/後漢書/卷111","Tile coordinates are game hex centers, not surveyed ancient-site coordinates."
"15138903","231","87","33.61130","120.00000","TaoQian","Yancheng","Yandu","settlement","false","false","Approximate game placement","https://zh.wikisource.org/zh-hant/後漢書/卷111","Tile coordinates are game hex centers, not surveyed ancient-site coordinates."
"14286936","218","88","32.70506","103.12500","ZhangLu","Northern Wenshan","Northern Min Mountains","region","false","false","Constructed regional label; approximate extent","https://zh.wikisource.org/zh-hant/後漢書/卷113","Source supports the historical geographic name, not the full English label or exact tile boundary."
"14352471","219","87","33.61130","105.00000","ZhangLu","Longnan","Western Wudu","region","false","false","Constructed regional label; approximate extent","https://zh.wikisource.org/zh-hant/後漢書/卷113","Source supports the historical geographic name, not the full English label or exact tile boundary."
"14352472","219","88","32.70506","104.37500","ZhangLu","Pingwu County","Guanghan Dependency","region","false","false","Constructed regional label; approximate extent","https://zh.wikisource.org/zh-hant/後漢書/卷113","Source supports the historical geographic name, not the full English label or exact tile boundary."
"14418007","220","87","33.61130","106.25000","ZhangLu","Chengxian Chengguanzhen","Xiaban","settlement","false","false","Approximate game placement","https://zh.wikisource.org/zh-hant/後漢書/卷113","Tile coordinates are game hex centers, not surveyed ancient-site coordinates."
"14418008","220","88","32.70506","105.62500","ZhangLu","Guangyuan","Jiameng","settlement","false","false","Approximate game placement","https://zh.wikisource.org/zh-hant/後漢書/卷113","Tile coordinates are game hex centers, not surveyed ancient-site coordinates."
"14418009","220","89","31.78952","106.25000","ZhangLu","Bazhong","Langzhong","settlement","false","false","Approximate game placement","https://zh.wikisource.org/zh-hant/後漢書/卷113","Tile coordinates are game hex centers, not surveyed ancient-site coordinates."
"14418010","220","90","30.86482","105.62500","ZhangLu","Nanchong","Anhan","settlement","false","false","Approximate game placement","https://zh.wikisource.org/zh-hant/後漢書/卷113","Tile coordinates are game hex centers, not surveyed ancient-site coordinates."
"14483543","221","87","33.61130","107.50000","ZhangLu","Chenggu","Chenggu","settlement","false","false","Approximate game placement","https://zh.wikisource.org/zh-hant/後漢書/卷113","Tile coordinates are game hex centers, not surveyed ancient-site coordinates."
"14483544","221","88","32.70506","106.87500","ZhangLu","Nanzheng","Nanzheng","settlement","true","true","Approximate game placement","https://zh.wikisource.org/zh-hant/後漢書/卷113","Tile coordinates are game hex centers, not surveyed ancient-site coordinates."
"14483545","221","89","31.78952","107.50000","ZhangLu","Dazhou","Xuanhan","settlement","false","false","Approximate game placement","https://zh.wikisource.org/zh-hant/後漢書/卷113","Tile coordinates are game hex centers, not surveyed ancient-site coordinates."
"14483546","221","90","30.86482","106.87500","ZhangLu","Guang'an","Dangqu","settlement","false","false","Approximate game placement","https://zh.wikisource.org/zh-hant/後漢書/卷113","Tile coordinates are game hex centers, not surveyed ancient-site coordinates."
"14549080","222","88","32.70506","108.12500","ZhangLu","Xixiang","Anyang","settlement","false","false","Approximate game placement","https://zh.wikisource.org/zh-hant/後漢書/卷113","Tile coordinates are game hex centers, not surveyed ancient-site coordinates."
"14549081","222","89","31.78952","108.75000","ZhangLu","Wenquan","Eastern Ba Uplands","region","false","false","Constructed regional label; approximate extent","https://zh.wikisource.org/zh-hant/後漢書/卷113","Source supports the historical geographic name, not the full English label or exact tile boundary."
"14549082","222","90","30.86482","108.12500","ZhangLu","Wanzhou","Quren","settlement","false","false","Approximate game placement","https://zh.wikisource.org/zh-hant/後漢書/卷113","Tile coordinates are game hex centers, not surveyed ancient-site coordinates."
"14614615","223","87","33.61130","110.00000","ZhangLu","Shangluo","Shangluo","settlement","false","false","Approximate game placement","https://zh.wikisource.org/zh-hant/後漢書/卷109","Tile coordinates are game hex centers, not surveyed ancient-site coordinates."
"14614616","223","88","32.70506","109.37500","ZhangLu","Ankang","Xicheng","settlement","false","false","Approximate game placement","https://zh.wikisource.org/zh-hant/後漢書/卷113","Tile coordinates are game hex centers, not surveyed ancient-site coordinates."
"14614617","223","89","31.78952","110.00000","ZhangLu","Chengxiang","Southern Hanzhong","region","false","false","Constructed regional label; approximate extent","https://zh.wikisource.org/zh-hant/後漢書/卷113","Source supports the historical geographic name, not the full English label or exact tile boundary."
"14680151","224","87","33.61130","111.25000","ZhangLu","Anchang","Western Nanyang","region","false","false","Constructed regional label; approximate extent","https://zh.wikisource.org/zh-hant/後漢書/卷112","Source supports the historical geographic name, not the full English label or exact tile boundary."
"14680152","224","88","32.70506","110.62500","ZhangLu","Shangyong","Shangyong","settlement","false","false","Approximate game placement","https://zh.wikisource.org/zh-hant/後漢書/卷113","Tile coordinates are game hex centers, not surveyed ancient-site coordinates."
"14614607","223","79","40.51307","110.00000","ZhangYang","Baotou","Jiuyuan","settlement","false","false","Approximate game placement","https://zh.wikisource.org/zh-hant/後漢書/卷113","Tile coordinates are game hex centers, not surveyed ancient-site coordinates."
"14614608","223","80","39.68502","109.37500","ZhangYang","Ordos","Southern Wuyuan","region","false","false","Constructed regional label; approximate extent","https://zh.wikisource.org/zh-hant/後漢書/卷113","Source supports the historical geographic name, not the full English label or exact tile boundary."
"14614609","223","81","38.84692","110.00000","ZhangYang","Abaotucun","Northern Xihe","region","false","false","Constructed regional label; approximate extent","https://zh.wikisource.org/zh-hant/後漢書/卷113","Source supports the historical geographic name, not the full English label or exact tile boundary."
"14680143","224","79","40.51307","111.25000","ZhangYang","Yunzhong","Yunzhong","settlement","false","false","Approximate game placement","https://zh.wikisource.org/zh-hant/後漢書/卷113","Tile coordinates are game hex centers, not surveyed ancient-site coordinates."
"14680144","224","80","39.68502","110.62500","ZhangYang","Anshan","Xihe Bend","region","false","false","Constructed regional label; approximate extent","https://zh.wikisource.org/zh-hant/後漢書/卷113","Source supports the historical geographic name, not the full English label or exact tile boundary."
"14680145","224","81","38.84692","111.25000","ZhangYang","Aiyutou","Eastern Xihe","region","false","false","Constructed regional label; approximate extent","https://zh.wikisource.org/zh-hant/後漢書/卷113","Source supports the historical geographic name, not the full English label or exact tile boundary."
"14680146","224","82","37.99884","110.62500","ZhangYang","Aihaowancun","Xihe Uplands","region","false","false","Constructed regional label; approximate extent","https://zh.wikisource.org/zh-hant/後漢書/卷113","Source supports the historical geographic name, not the full English label or exact tile boundary."
"14680147","224","83","37.14083","111.25000","ZhangYang","Lueliang","Western Taiyuan","region","false","false","Constructed regional label; approximate extent","https://zh.wikisource.org/zh-hant/後漢書/卷113","Source supports the historical geographic name, not the full English label or exact tile boundary."
"14680148","224","84","36.27298","110.62500","ZhangYang","Agezhuangcun","Western Hedong","region","false","false","Constructed regional label; approximate extent","https://zh.wikisource.org/zh-hant/後漢書/卷109","Source supports the historical geographic name, not the full English label or exact tile boundary."
"14745679","225","79","40.51307","112.50000","ZhangYang","Anlezhuang","Dingxiang Frontier","region","false","false","Constructed regional label; approximate extent","https://zh.wikisource.org/zh-hant/後漢書/卷113","Source supports the historical geographic name, not the full English label or exact tile boundary."
"14745680","225","80","39.68502","111.87500","ZhangYang","Yangjiaying","Shanwu","settlement","false","false","Approximate game placement","https://zh.wikisource.org/zh-hant/後漢書/卷113","Tile coordinates are game hex centers, not surveyed ancient-site coordinates."
"14745681","225","81","38.84692","112.50000","ZhangYang","Xinzhou","Guangwu","settlement","false","false","Approximate game placement","https://zh.wikisource.org/zh-hant/後漢書/卷113","Tile coordinates are game hex centers, not surveyed ancient-site coordinates."
"14745682","225","82","37.99884","111.87500","ZhangYang","Jinyang","Jinyang","settlement","false","false","Approximate game placement","https://zh.wikisource.org/zh-hant/後漢書/卷113","Tile coordinates are game hex centers, not surveyed ancient-site coordinates."
"14745683","225","83","37.14083","112.50000","ZhangYang","Jiexiu","Jiexiu","settlement","false","false","Approximate game placement","https://zh.wikisource.org/zh-hant/後漢書/卷113","Tile coordinates are game hex centers, not surveyed ancient-site coordinates."
"14745684","225","84","36.27298","111.87500","ZhangYang","Zhangzi","Pingyang","settlement","true","false","Approximate game placement","https://zh.wikisource.org/zh-hant/後漢書/卷109","Tile coordinates are game hex centers, not surveyed ancient-site coordinates."
"14745685","225","85","35.39537","112.50000","ZhangYang","Jincheng","Yewang","settlement","false","true","Approximate game placement","https://zh.wikisource.org/zh-hant/後漢書/卷109","Tile coordinates are game hex centers, not surveyed ancient-site coordinates. Capital moved to the Henei area represented by Yewang; territorial allocation is unchanged."
"14811221","226","85","35.39537","113.75000","ZhangYang","Xinxiang","Huojia","settlement","false","false","Approximate game placement","https://zh.wikisource.org/zh-hant/後漢書/卷109","Tile coordinates are game hex centers, not surveyed ancient-site coordinates. Uses nearby Han Huojia county in Henei instead of Ji to avoid confusion with Ji in Guangyang."
"13828175","211","79","40.51307","95.00000","MaTeng","Dunhuang","Dunhuang","settlement","false","false","Approximate game placement","https://zh.wikisource.org/zh-hant/後漢書/卷113","Tile coordinates are game hex centers, not surveyed ancient-site coordinates."
"13828176","211","80","39.68502","94.37500","MaTeng","Yang Pass","Yang Pass","landmark","false","false","Approximate game placement","https://www.dhygbwg.com/introduction.html","Tile coordinates are game hex centers, not surveyed ancient-site coordinates."
"13893711","212","79","40.51307","96.25000","MaTeng","Anbei","Eastern Dunhuang","region","false","false","Constructed regional label; approximate extent","https://zh.wikisource.org/zh-hant/後漢書/卷113","Source supports the historical geographic name, not the full English label or exact tile boundary."
"13893712","212","80","39.68502","95.62500","MaTeng","Southern Dunhuang","Southern Dunhuang","region","false","false","Constructed regional label; approximate extent","https://zh.wikisource.org/zh-hant/後漢書/卷113","Source supports the historical geographic name, not the full English label or exact tile boundary."
"13959247","213","79","40.51307","97.50000","MaTeng","Yumen","Yumen","settlement","false","false","Approximate game placement","https://zh.wikisource.org/zh-hant/後漢書/卷113","Tile coordinates are game hex centers, not surveyed ancient-site coordinates. Han Yumen county; not the Yumen Pass west of Dunhuang."
"13959248","213","80","39.68502","96.87500","MaTeng","Anmen","Southern Jiuquan Frontier","region","false","false","Constructed regional label; approximate extent","https://zh.wikisource.org/zh-hant/後漢書/卷113","Source supports the historical geographic name, not the full English label or exact tile boundary."
"13959249","213","81","38.84692","97.50000","MaTeng","Qilian Mountains","Qilian Mountains","landmark","false","false","Approximate game placement","https://zh.wikisource.org/zh-hant/史記/卷110","Tile coordinates are game hex centers, not surveyed ancient-site coordinates."
"14024783","214","79","40.51307","98.75000","MaTeng","Baigeda Erdui","Northern Jiuquan","region","false","false","Constructed regional label; approximate extent","https://zh.wikisource.org/zh-hant/後漢書/卷113","Source supports the historical geographic name, not the full English label or exact tile boundary."
"14024784","214","80","39.68502","98.12500","MaTeng","Jiuquan","Fulu","settlement","false","false","Approximate game placement","https://zh.wikisource.org/zh-hant/後漢書/卷113","Tile coordinates are game hex centers, not surveyed ancient-site coordinates."
"14024785","214","81","38.84692","98.75000","MaTeng","Yanglong","Western Qilian Mountains","region","false","false","Constructed regional label; approximate extent","https://zh.wikisource.org/zh-hant/史記/卷110","Source supports the historical geographic name, not the full English label or exact tile boundary."
"14090320","215","80","39.68502","99.37500","MaTeng","Anjia Huwo","Western Zhangye","region","false","false","Constructed regional label; approximate extent","https://zh.wikisource.org/zh-hant/後漢書/卷113","Source supports the historical geographic name, not the full English label or exact tile boundary."
"14090321","215","81","38.84692","100.00000","MaTeng","Zhangye","Lude","settlement","false","false","Approximate game placement","https://zh.wikisource.org/zh-hant/後漢書/卷113","Tile coordinates are game hex centers, not surveyed ancient-site coordinates."
"14155856","216","80","39.68502","100.62500","MaTeng","Banqiao","Northern Zhangye","region","false","false","Constructed regional label; approximate extent","https://zh.wikisource.org/zh-hant/後漢書/卷113","Source supports the historical geographic name, not the full English label or exact tile boundary."
"14155857","216","81","38.84692","101.25000","MaTeng","Ehen Hudag","Shandan","settlement","false","false","Approximate game placement","https://zh.wikisource.org/zh-hant/後漢書/卷113","Tile coordinates are game hex centers, not surveyed ancient-site coordinates."
"14155858","216","82","37.99884","100.62500","MaTeng","Qilian","Central Qilian Mountains","region","false","false","Constructed regional label; approximate extent","https://zh.wikisource.org/zh-hant/史記/卷110","Source supports the historical geographic name, not the full English label or exact tile boundary."
"14221393","217","81","38.84692","102.50000","MaTeng","Jinchang","Western Wuwei","region","false","false","Constructed regional label; approximate extent","https://zh.wikisource.org/zh-hant/後漢書/卷113","Source supports the historical geographic name, not the full English label or exact tile boundary."
"14221394","217","82","37.99884","101.87500","MaTeng","Guzang","Southern Wuwei Highlands","region","true","false","Constructed regional label; approximate extent","https://zh.wikisource.org/zh-hant/後漢書/卷113","Source supports the historical geographic name, not the full English label or exact tile boundary."
"14286929","218","81","38.84692","103.75000","MaTeng","Aiheng","Northern Wuwei","region","false","false","Constructed regional label; approximate extent","https://zh.wikisource.org/zh-hant/後漢書/卷113","Source supports the historical geographic name, not the full English label or exact tile boundary."
"14286930","218","82","37.99884","103.12500","MaTeng","Wuwei","Guzang","settlement","false","true","Approximate game placement","https://zh.wikisource.org/zh-hant/後漢書/卷113","Tile coordinates are game hex centers, not surveyed ancient-site coordinates."
"15073363","230","83","37.14083","118.75000","KongRong","Ju (Beihai)","Beihai","region","true","true","Historical geographic label; approximate extent","https://zh.wikisource.org/zh-hant/後漢書/卷112","Uses the Han Beihai regional name for the tile containing its seat at Ju, distinct from Ju in Langya. The capital tile is unchanged; this label denotes the region rather than a settlement."
"15073364","230","84","36.27298","118.12500","KongRong","Linzi","Linzi","settlement","false","false","Approximate game placement","https://zh.wikisource.org/zh-hant/後漢書/卷112","Tile coordinates are game hex centers, not surveyed ancient-site coordinates."
"15138899","231","83","37.14083","120.00000","KongRong","Pingdu","Jiaodong","settlement","false","false","Approximate game placement","https://zh.wikisource.org/zh-hant/後漢書/卷112","Tile coordinates are game hex centers, not surveyed ancient-site coordinates."
"15138900","231","84","36.27298","119.37500","KongRong","Gaomi","Gaomi","settlement","false","false","Approximate game placement","https://zh.wikisource.org/zh-hant/後漢書/卷112","Tile coordinates are game hex centers, not surveyed ancient-site coordinates."
"15204435","232","83","37.14083","121.25000","KongRong","Yantai","Mouping","settlement","false","false","Approximate game placement","https://zh.wikisource.org/zh-hant/後漢書/卷112","Tile coordinates are game hex centers, not surveyed ancient-site coordinates."
"15204436","232","84","36.27298","120.62500","KongRong","Jimo","Buqi","settlement","false","false","Approximate game placement","https://zh.wikisource.org/zh-hant/後漢書/卷112","Tile coordinates are game hex centers, not surveyed ancient-site coordinates."
"15269971","233","83","37.14083","122.50000","KongRong","Weihai","Eastern Donglai Coast","region","false","false","Constructed regional label; approximate extent","https://zh.wikisource.org/zh-hant/後漢書/卷112","Source supports the historical geographic name, not the full English label or exact tile boundary."
"14155859","216","83","37.14083","101.25000","HanSui","Qiaotou","Northern Jincheng","region","false","false","Constructed regional label; approximate extent","https://zh.wikisource.org/zh-hant/後漢書/卷113","Source supports the historical geographic name, not the full English label or exact tile boundary."
"14221395","217","83","37.14083","102.50000","HanSui","Anjiahe","Jincheng Highlands","region","false","false","Constructed regional label; approximate extent","https://zh.wikisource.org/zh-hant/後漢書/卷113","Source supports the historical geographic name, not the full English label or exact tile boundary."
"14221396","217","84","36.27298","101.87500","HanSui","Xining","Linqiang","settlement","false","false","Approximate game placement","https://zh.wikisource.org/zh-hant/後漢書/卷113","Tile coordinates are game hex centers, not surveyed ancient-site coordinates."
"14221397","217","85","35.39537","102.50000","HanSui","Tongren","Western Jincheng Frontier","region","false","false","Constructed regional label; approximate extent","https://zh.wikisource.org/zh-hant/後漢書/卷113","Source supports the historical geographic name, not the full English label or exact tile boundary."
"14286931","218","83","37.14083","103.75000","HanSui","Agangwan","Lingju","settlement","false","false","Approximate game placement","https://zh.wikisource.org/zh-hant/後漢書/卷113","Tile coordinates are game hex centers, not surveyed ancient-site coordinates."
"14286932","218","84","36.27298","103.12500","HanSui","Yunwu","Yunwu","settlement","true","true","Approximate game placement","https://zh.wikisource.org/zh-hant/後漢書/卷113","Tile coordinates are game hex centers, not surveyed ancient-site coordinates."
"14286933","218","85","35.39537","103.75000","HanSui","Linxia Chengguanzhen","Fuhan","settlement","false","false","Approximate game placement","https://zh.wikisource.org/zh-hant/後漢書/卷113","Tile coordinates are game hex centers, not surveyed ancient-site coordinates."
"14286934","218","86","34.50811","103.12500","HanSui","Tao River Valley","Tao River Valley","landmark","false","false","Approximate game placement","https://zh.wikisource.org/zh-hant/後漢書/卷113","Tile coordinates are game hex centers, not surveyed ancient-site coordinates."
"14286935","218","87","33.61130","103.75000","HanSui","Zhouqu Chengguanzhen","Qiangdao","settlement","false","false","Approximate game placement","https://zh.wikisource.org/zh-hant/後漢書/卷113","Tile coordinates are game hex centers, not surveyed ancient-site coordinates."
"14352465","219","81","38.84692","105.00000","HanSui","Gun Hudag","Northern Wuwei Frontier","region","false","false","Constructed regional label; approximate extent","https://zh.wikisource.org/zh-hant/後漢書/卷113","Source supports the historical geographic name, not the full English label or exact tile boundary."
"14352466","219","82","37.99884","104.37500","HanSui","Bayan Nur","Eastern Wuwei Frontier","region","false","false","Constructed regional label; approximate extent","https://zh.wikisource.org/zh-hant/後漢書/卷113","Source supports the historical geographic name, not the full English label or exact tile boundary."
"14352467","219","83","37.14083","105.00000","HanSui","Zhongwei","Western Beidi Frontier","region","false","false","Constructed regional label; approximate extent","https://zh.wikisource.org/zh-hant/後漢書/卷113","Source supports the historical geographic name, not the full English label or exact tile boundary."
"14352468","219","84","36.27298","104.37500","HanSui","Yuzhong","Yuzhong","settlement","false","false","Approximate game placement","https://zh.wikisource.org/zh-hant/後漢書/卷113","Tile coordinates are game hex centers, not surveyed ancient-site coordinates."
"14352469","219","85","35.39537","105.00000","HanSui","Dingxi","Longxi Highlands","region","false","false","Constructed regional label; approximate extent","https://zh.wikisource.org/zh-hant/後漢書/卷113","Source supports the historical geographic name, not the full English label or exact tile boundary."
"14352470","219","86","34.50811","104.37500","HanSui","Wushan","Xiangwu","settlement","false","false","Approximate game placement","https://zh.wikisource.org/zh-hant/後漢書/卷113","Tile coordinates are game hex centers, not surveyed ancient-site coordinates."
"14418001","220","81","38.84692","106.25000","HanSui","Yinchuan","Northern Beidi","region","false","false","Constructed regional label; approximate extent","https://zh.wikisource.org/zh-hant/後漢書/卷113","Source supports the historical geographic name, not the full English label or exact tile boundary."
"14418002","220","82","37.99884","105.62500","HanSui","Wuzhong","Fuping","settlement","false","false","Approximate game placement","https://zh.wikisource.org/zh-hant/後漢書/卷113","Tile coordinates are game hex centers, not surveyed ancient-site coordinates."
"14418003","220","83","37.14083","106.25000","HanSui","Abutiao","Western Anding","region","false","false","Constructed regional label; approximate extent","https://zh.wikisource.org/zh-hant/後漢書/卷113","Source supports the historical geographic name, not the full English label or exact tile boundary."
"14418004","220","84","36.27298","105.62500","HanSui","Anbu","Southwestern Anding","region","false","false","Constructed regional label; approximate extent","https://zh.wikisource.org/zh-hant/後漢書/卷113","Source supports the historical geographic name, not the full English label or exact tile boundary."
"14418005","220","85","35.39537","106.25000","HanSui","Pingliang","Southern Anding","region","false","false","Constructed regional label; approximate extent","https://zh.wikisource.org/zh-hant/後漢書/卷113","Source supports the historical geographic name, not the full English label or exact tile boundary."
"14418006","220","86","34.50811","105.62500","HanSui","Ji (Hanyang)","Shanggui","settlement","false","false","Approximate game placement","https://zh.wikisource.org/zh-hant/後漢書/卷113","Tile coordinates are game hex centers, not surveyed ancient-site coordinates. Uses nearby Han Shanggui county in Hanyang instead of Ji to avoid confusion with Ji in Guangyang."
"14483537","221","81","38.84692","107.50000","HanSui","Atgain Sum","Eastern Beidi Frontier","region","false","false","Constructed regional label; approximate extent","https://zh.wikisource.org/zh-hant/後漢書/卷113","Source supports the historical geographic name, not the full English label or exact tile boundary."
"14483540","221","84","36.27298","106.87500","HanSui","Guyuan","Gaoping","settlement","false","false","Approximate game placement","https://zh.wikisource.org/zh-hant/後漢書/卷113","Tile coordinates are game hex centers, not surveyed ancient-site coordinates."
"14549073","222","81","38.84692","108.75000","HanSui","Dabqig","Northern Shangjun Frontier","region","false","false","Constructed regional label; approximate extent","https://zh.wikisource.org/zh-hant/後漢書/卷113","Source supports the historical geographic name, not the full English label or exact tile boundary."
"14221411","217","99","22.15916","102.50000","ShiXie","Eastern Ailao Frontier","Eastern Ailao Frontier","region","false","false","Constructed regional label; approximate extent","https://zh.wikisource.org/zh-hant/後漢書/卷113","Source supports the historical geographic name, not the full English label or exact tile boundary."
"14286946","218","98","23.15812","103.12500","ShiXie","Mengzi","Southern Yizhou Commandery","region","false","false","Constructed regional label; approximate extent","https://zh.wikisource.org/zh-hant/後漢書/卷113","Source supports the historical geographic name, not the full English label or exact tile boundary."
"14286947","218","99","22.15916","103.75000","ShiXie","Lao Cai","Northwestern Jiaozhi Frontier","region","false","false","Constructed regional label; approximate extent","https://zh.wikisource.org/zh-hant/後漢書/卷113","Source supports the historical geographic name, not the full English label or exact tile boundary."
"14286948","218","100","21.15305","103.12500","ShiXie","Thi Tran Thuan Chau","Western Jiaozhi Highlands","region","false","false","Constructed regional label; approximate extent","https://zh.wikisource.org/zh-hant/後漢書/卷113","Source supports the historical geographic name, not the full English label or exact tile boundary."
"14352480","219","96","25.13362","104.37500","ShiXie","Xingyi","Southwestern Zangke","region","false","false","Constructed regional label; approximate extent","https://zh.wikisource.org/zh-hant/後漢書/卷113","Source supports the historical geographic name, not the full English label or exact tile boundary."
"14352481","219","97","24.14968","105.00000","ShiXie","Adai","Southern Zangke Frontier","region","false","false","Constructed regional label; approximate extent","https://zh.wikisource.org/zh-hant/後漢書/卷113","Source supports the historical geographic name, not the full English label or exact tile boundary."
"14352482","219","98","23.15812","104.37500","ShiXie","Wenshan","Southeastern Zangke Frontier","region","false","false","Constructed regional label; approximate extent","https://zh.wikisource.org/zh-hant/後漢書/卷113","Source supports the historical geographic name, not the full English label or exact tile boundary."
"14352483","219","99","22.15916","105.00000","ShiXie","Bac Quang","Northern Jiaozhi Highlands","region","false","false","Constructed regional label; approximate extent","https://zh.wikisource.org/zh-hant/後漢書/卷113","Source supports the historical geographic name, not the full English label or exact tile boundary."
"14352484","219","100","21.15305","104.37500","ShiXie","Son La","Western Jiaozhi Frontier","region","false","false","Constructed regional label; approximate extent","https://zh.wikisource.org/zh-hant/後漢書/卷113","Source supports the historical geographic name, not the full English label or exact tile boundary."
"14352485","219","101","20.14006","105.00000","ShiXie","Leilou","Western Jiuzhen Frontier","region","false","false","Constructed regional label; approximate extent","https://zh.wikisource.org/zh-hant/後漢書/卷113","Source supports the historical geographic name, not the full English label or exact tile boundary. Removes a duplicate of Leilou/Luy Lau placed far from the Red River delta."
"14352486","219","102","19.12047","104.37500","ShiXie","Thai Hoa","Jiuzhen Highlands","region","false","false","Constructed regional label; approximate extent","https://zh.wikisource.org/zh-hant/後漢書/卷113","Source supports the historical geographic name, not the full English label or exact tile boundary."
"14418016","220","96","25.13362","105.62500","ShiXie","Xingren","Southern Zangke Highlands","region","false","false","Constructed regional label; approximate extent","https://zh.wikisource.org/zh-hant/後漢書/卷113","Source supports the historical geographic name, not the full English label or exact tile boundary."
"14418017","220","97","24.14968","106.25000","ShiXie","Baise","Western Yulin Frontier","region","false","false","Constructed regional label; approximate extent","https://zh.wikisource.org/zh-hant/後漢書/卷113","Source supports the historical geographic name, not the full English label or exact tile boundary."
"14418018","220","98","23.15812","105.62500","ShiXie","Thi Tran Yen Minh","Jiaozhi-Zangke Frontier","region","false","false","Constructed regional label; approximate extent","https://zh.wikisource.org/zh-hant/後漢書/卷113","Source supports the historical geographic name, not the full English label or exact tile boundary."
"14418019","220","99","22.15916","106.25000","ShiXie","Lang Son","Northern Jiaozhi Frontier","region","false","false","Constructed regional label; approximate extent","https://zh.wikisource.org/zh-hant/後漢書/卷113","Source supports the historical geographic name, not the full English label or exact tile boundary."
"14418020","220","100","21.15305","105.62500","ShiXie","Luy Lâu","Luy Lâu","settlement","true","true","Approximate game placement","https://zh.wikisource.org/zh-hant/後漢書/卷113","Tile coordinates are game hex centers, not surveyed ancient-site coordinates. Vietnamese reading of Leilou; the exact Han administrative seat is debated."
"14418022","220","102","19.12047","105.62500","ShiXie","Xupu","Jiuzhen Lowlands","region","false","false","Constructed regional label; approximate extent","https://zh.wikisource.org/zh-hant/後漢書/卷113","Source supports the historical geographic name, not the full English label or exact tile boundary."
"14418023","220","103","18.09454","106.25000","ShiXie","Ha Tinh","Jiuzhen-Rinan Frontier","region","false","false","Constructed regional label; approximate extent","https://zh.wikisource.org/zh-hant/後漢書/卷113","Source supports the historical geographic name, not the full English label or exact tile boundary."
"14483552","221","96","25.13362","106.87500","ShiXie","Aili","Zangke-Yulin Frontier","region","false","false","Constructed regional label; approximate extent","https://zh.wikisource.org/zh-hant/後漢書/卷113","Source supports the historical geographic name, not the full English label or exact tile boundary."
"14483553","221","97","24.14968","107.50000","ShiXie","Aidong","Northwestern Yulin","region","false","false","Constructed regional label; approximate extent","https://zh.wikisource.org/zh-hant/後漢書/卷113","Source supports the historical geographic name, not the full English label or exact tile boundary."
"14483554","221","98","23.15812","106.87500","ShiXie","Thi Tran Trung Khanh","Western Yulin Highlands","region","false","false","Constructed regional label; approximate extent","https://zh.wikisource.org/zh-hant/後漢書/卷113","Source supports the historical geographic name, not the full English label or exact tile boundary."
"14483555","221","99","22.15916","107.50000","ShiXie","Chongzuo","Western Yulin Lowlands","region","false","false","Constructed regional label; approximate extent","https://zh.wikisource.org/zh-hant/後漢書/卷113","Source supports the historical geographic name, not the full English label or exact tile boundary."
"14483556","221","100","21.15305","106.87500","ShiXie","Hepu","Eastern Jiaozhi","region","false","false","Constructed regional label; approximate extent","https://zh.wikisource.org/zh-hant/後漢書/卷113","Source supports the historical geographic name, not the full English label or exact tile boundary. Hepu belongs farther east in present-day Guangxi, not this Red River delta tile."
"14483560","221","104","17.06257","106.87500","ShiXie","Xiquan","Xiquan","settlement","false","false","Approximate game placement","https://zh.wikisource.org/zh-hant/後漢書/卷113","Tile coordinates are game hex centers, not surveyed ancient-site coordinates. Rinan county; location is approximate."
"14483561","221","105","16.02487","107.50000","ShiXie","Xianglin","Linyi Frontier","region","false","false","Constructed regional label; approximate extent","https://ari.nus.edu.sg/wp-content/uploads/2018/10/wps13_208.pdf","Source supports the historical geographic name, not the full English label or exact tile boundary. Regional label after the revolt conventionally dated to 192; game ownership remains a balance abstraction."
"14549088","222","96","25.13362","108.12500","ShiXie","Hechi","Northern Yulin Highlands","region","false","false","Constructed regional label; approximate extent","https://zh.wikisource.org/zh-hant/後漢書/卷113","Source supports the historical geographic name, not the full English label or exact tile boundary."
"14549089","222","97","24.14968","108.75000","ShiXie","Laibin","Northern Yulin","region","false","false","Constructed regional label; approximate extent","https://zh.wikisource.org/zh-hant/後漢書/卷113","Source supports the historical geographic name, not the full English label or exact tile boundary."
"14549090","222","98","23.15812","108.12500","ShiXie","Nanning","Western Yulin","region","false","false","Constructed regional label; approximate extent","https://zh.wikisource.org/zh-hant/後漢書/卷113","Source supports the historical geographic name, not the full English label or exact tile boundary."
"14549091","222","99","22.15916","108.75000","ShiXie","Qinzhou","Western Hepu","region","false","false","Constructed regional label; approximate extent","https://zh.wikisource.org/zh-hant/後漢書/卷113","Source supports the historical geographic name, not the full English label or exact tile boundary."
"14614624","223","96","25.13362","109.37500","ShiXie","Aduo","Yulin-Lingling Frontier","region","false","false","Constructed regional label; approximate extent","https://zh.wikisource.org/zh-hant/後漢書/卷113","Source supports the historical geographic name, not the full English label or exact tile boundary."
"14614625","223","97","24.14968","110.00000","ShiXie","Liuzhou","Tanzhong","settlement","false","false","Approximate game placement","https://zh.wikisource.org/zh-hant/後漢書/卷113","Tile coordinates are game hex centers, not surveyed ancient-site coordinates."
"14614626","223","98","23.15812","109.37500","ShiXie","Bushan","Bushan","settlement","false","false","Approximate game placement","https://zh.wikisource.org/zh-hant/後漢書/卷113","Tile coordinates are game hex centers, not surveyed ancient-site coordinates."
"14614627","223","99","22.15916","110.00000","ShiXie","Lianjiang","Northern Hepu","region","false","false","Constructed regional label; approximate extent","https://zh.wikisource.org/zh-hant/後漢書/卷113","Source supports the historical geographic name, not the full English label or exact tile boundary."
"14680160","224","96","25.13362","110.62500","ShiXie","Guilin","Shi'an","settlement","false","false","Approximate game placement","https://zh.wikisource.org/zh-hant/後漢書/卷112","Tile coordinates are game hex centers, not surveyed ancient-site coordinates."
"14680161","224","97","24.14968","111.25000","ShiXie","Hezhou","Linhe","settlement","false","false","Approximate game placement","https://zh.wikisource.org/zh-hant/後漢書/卷113","Tile coordinates are game hex centers, not surveyed ancient-site coordinates."
"14680162","224","98","23.15812","110.62500","ShiXie","Guangxin","Western Cangwu","region","false","false","Constructed regional label; approximate extent","https://zh.wikisource.org/zh-hant/後漢書/卷113","Source supports the historical geographic name, not the full English label or exact tile boundary."
"14680163","224","99","22.15916","111.25000","ShiXie","Gaozhou","Eastern Hepu","region","false","false","Constructed regional label; approximate extent","https://zh.wikisource.org/zh-hant/後漢書/卷113","Source supports the historical geographic name, not the full English label or exact tile boundary."
"14680164","224","100","21.15305","110.62500","ShiXie","Leizhou","Southern Hepu Coast","region","false","false","Constructed regional label; approximate extent","https://zh.wikisource.org/zh-hant/後漢書/卷113","Source supports the historical geographic name, not the full English label or exact tile boundary."
"14745698","225","98","23.15812","111.87500","ShiXie","Yunfu","Guangxin","settlement","false","false","Approximate game placement","https://zh.wikisource.org/zh-hant/後漢書/卷113","Tile coordinates are game hex centers, not surveyed ancient-site coordinates. Placement represents the Wuzhou/Fengkai area; the exact ancient seat is disputed."
"14745699","225","99","22.15916","112.50000","ShiXie","Panyu","Western Nanhai Coast","region","false","false","Constructed regional label; approximate extent","https://zh.wikisource.org/zh-hant/後漢書/卷113","Source supports the historical geographic name, not the full English label or exact tile boundary."
"14811216","226","80","39.68502","113.12500","ZhangYan","Datong","Pingcheng","settlement","false","false","Approximate game placement","https://zh.wikisource.org/zh-hant/後漢書/卷113","Tile coordinates are game hex centers, not surveyed ancient-site coordinates."
"14811217","226","81","38.84692","113.75000","ZhangYan","Aijialing","Eastern Yanmen","region","false","false","Constructed regional label; approximate extent","https://zh.wikisource.org/zh-hant/後漢書/卷113","Source supports the historical geographic name, not the full English label or exact tile boundary."
"14811218","226","82","37.99884","113.12500","ZhangYan","Taiyuan","Eastern Taiyuan","region","false","false","Constructed regional label; approximate extent","https://zh.wikisource.org/zh-hant/後漢書/卷113","Source supports the historical geographic name, not the full English label or exact tile boundary."
"14876753","227","81","38.84692","115.00000","ZhangYan","Baoding","Lunu","settlement","false","false","Approximate game placement","https://zh.wikisource.org/zh-hant/後漢書/卷110","Tile coordinates are game hex centers, not surveyed ancient-site coordinates."
"14876754","227","82","37.99884","114.37500","ZhangYan","Zhending","Zhending","settlement","true","true","Approximate game placement","https://zh.wikisource.org/zh-hant/後漢書/卷110","Tile coordinates are game hex centers, not surveyed ancient-site coordinates."
"14745695","225","95","26.10968","112.50000","LiuYao","Chen","Chen","settlement","false","false","Approximate game placement","https://zh.wikisource.org/zh-hant/後漢書/卷112","Tile coordinates are game hex centers, not surveyed ancient-site coordinates."
"14745696","225","96","25.13362","111.87500","LiuYao","Lianzhou","Guiyang","settlement","false","false","Approximate game placement","https://zh.wikisource.org/zh-hant/後漢書/卷112","Tile coordinates are game hex centers, not surveyed ancient-site coordinates. Han Guiyang county near modern Lianzhou; not modern Guiyang in Guizhou."
"14745697","225","97","24.14968","112.50000","LiuYao","Huaicheng","Western Nanhai Highlands","region","false","false","Constructed regional label; approximate extent","https://zh.wikisource.org/zh-hant/後漢書/卷113","Source supports the historical geographic name, not the full English label or exact tile boundary."
"14811231","226","95","26.10968","113.75000","LiuYao","Aijiang","Hanning","settlement","false","false","Approximate game placement","https://zh.wikisource.org/zh-hant/後漢書/卷112","Tile coordinates are game hex centers, not surveyed ancient-site coordinates."
"14811232","226","96","25.13362","113.12500","LiuYao","Qujiang","Qujiang","settlement","false","false","Approximate game placement","https://zh.wikisource.org/zh-hant/後漢書/卷112","Tile coordinates are game hex centers, not surveyed ancient-site coordinates."
"14811233","226","97","24.14968","113.75000","LiuYao","Maba","Nanhai Highlands","region","false","false","Constructed regional label; approximate extent","https://zh.wikisource.org/zh-hant/後漢書/卷113","Source supports the historical geographic name, not the full English label or exact tile boundary."
"14811234","226","98","23.15812","113.12500","LiuYao","Zengcheng","Panyu","settlement","false","false","Approximate game placement","https://zh.wikisource.org/zh-hant/後漢書/卷113","Tile coordinates are game hex centers, not surveyed ancient-site coordinates."
"14876765","227","93","28.03737","115.00000","LiuYao","Yichun","Yichun","settlement","false","false","Approximate game placement","https://zh.wikisource.org/zh-hant/後漢書/卷112","Tile coordinates are game hex centers, not surveyed ancient-site coordinates."
"14876766","227","94","27.07767","114.37500","LiuYao","Ji'an","Luling","settlement","false","false","Approximate game placement","https://zh.wikisource.org/zh-hant/後漢書/卷112","Tile coordinates are game hex centers, not surveyed ancient-site coordinates."
"14876767","227","95","26.10968","115.00000","LiuYao","Ganzhou","Gan","settlement","false","false","Approximate game placement","https://zh.wikisource.org/zh-hant/後漢書/卷112","Tile coordinates are game hex centers, not surveyed ancient-site coordinates."
"14876768","227","96","25.13362","114.37500","LiuYao","Nan Ye","Nanye","settlement","false","false","Approximate game placement","https://zh.wikisource.org/zh-hant/後漢書/卷112","Tile coordinates are game hex centers, not surveyed ancient-site coordinates."
"14876769","227","97","24.14968","115.00000","LiuYao","Heyuan","Longchuan","settlement","false","false","Approximate game placement","https://zh.wikisource.org/zh-hant/後漢書/卷113","Tile coordinates are game hex centers, not surveyed ancient-site coordinates."
"14876770","227","98","23.15812","114.37500","LiuYao","Huizhou","Boluo","settlement","false","false","Approximate game placement","https://zh.wikisource.org/zh-hant/後漢書/卷113","Tile coordinates are game hex centers, not surveyed ancient-site coordinates."
"14942300","228","92","28.98858","115.62500","LiuYao","Nanchang","Nanchang","settlement","false","false","Approximate game placement","https://zh.wikisource.org/zh-hant/後漢書/卷112","Tile coordinates are game hex centers, not surveyed ancient-site coordinates."
"14942301","228","93","28.03737","116.25000","LiuYao","Nancheng","Nancheng","settlement","false","false","Approximate game placement","https://zh.wikisource.org/zh-hant/後漢書/卷112","Tile coordinates are game hex centers, not surveyed ancient-site coordinates."
"14942302","228","94","27.07767","115.62500","LiuYao","Aoxi","Southern Yuzhang Uplands","region","false","false","Constructed regional label; approximate extent","https://zh.wikisource.org/zh-hant/後漢書/卷112","Source supports the historical geographic name, not the full English label or exact tile boundary."
"14942303","228","95","26.10968","116.25000","LiuYao","Aikeng","Eastern Yuzhang Highlands","region","false","false","Constructed regional label; approximate extent","https://zh.wikisource.org/zh-hant/後漢書/卷112","Source supports the historical geographic name, not the full English label or exact tile boundary."
"14942304","228","96","25.13362","115.62500","LiuYao","Xingongcun","Yuzhang-Nanhai Frontier","region","false","false","Constructed regional label; approximate extent","https://zh.wikisource.org/zh-hant/後漢書/卷112 ; https://zh.wikisource.org/zh-hant/後漢書/卷113","Source supports the historical geographic name, not the full English label or exact tile boundary."
"14942305","228","97","24.14968","116.25000","LiuYao","Meizhou","Northeastern Nanhai","region","false","false","Constructed regional label; approximate extent","https://zh.wikisource.org/zh-hant/後漢書/卷113","Source supports the historical geographic name, not the full English label or exact tile boundary."
"14942306","228","98","23.15812","115.62500","LiuYao","Puning","Eastern Nanhai","region","false","false","Constructed regional label; approximate extent","https://zh.wikisource.org/zh-hant/後漢書/卷113","Source supports the historical geographic name, not the full English label or exact tile boundary."
"15007834","229","90","30.86482","116.87500","LiuYao","Anqing","Tianzhu Mountain","region","false","false","Historical geographic label; approximate extent","https://zh.wikisource.org/zh-hant/後漢書/卷112","Uses the nearby mountain recorded in the commentary to Qian in Lujiang instead of Wan to avoid confusion with Wan in Nanyang. The source supports the historical landmark, not an exact tile boundary."
"15007835","229","91","29.93112","117.50000","LiuYao","Qishan","Shicheng","settlement","false","false","Approximate game placement","https://zh.wikisource.org/zh-hant/後漢書/卷112","Tile coordinates are game hex centers, not surveyed ancient-site coordinates."
"15007836","229","92","28.98858","116.87500","LiuYao","Jingdezhen","Poyang","settlement","false","false","Approximate game placement","https://zh.wikisource.org/zh-hant/後漢書/卷112","Tile coordinates are game hex centers, not surveyed ancient-site coordinates."
"15007837","229","93","28.03737","117.50000","LiuYao","Yingtan","Eastern Yuzhang Frontier","region","false","false","Constructed regional label; approximate extent","https://zh.wikisource.org/zh-hant/後漢書/卷112","Source supports the historical geographic name, not the full English label or exact tile boundary."
"15073370","230","90","30.86482","118.12500","LiuYao","Wanling","Wanling","settlement","true","true","Approximate game placement","https://zh.wikisource.org/zh-hant/後漢書/卷112","Tile coordinates are game hex centers, not surveyed ancient-site coordinates."
"15007838","229","94","27.07767","116.87500","WangLang","Shaowu","Western Dongye Highlands","region","false","false","Constructed regional label; approximate extent","https://fjnews.fjsen.com/wap/2022-12/27/content_31214114.htm","Source supports the historical geographic name, not the full English label or exact tile boundary."
"15007839","229","95","26.10968","117.50000","WangLang","Shaxian","Dongye Uplands","region","false","false","Constructed regional label; approximate extent","https://fjnews.fjsen.com/wap/2022-12/27/content_31214114.htm","Source supports the historical geographic name, not the full English label or exact tile boundary."
"15007840","229","96","25.13362","116.87500","WangLang","Longyan","Southwestern Dongye Hinterland","region","false","false","Constructed regional label; approximate extent","https://fjnews.fjsen.com/wap/2022-12/27/content_31214114.htm","Source supports the historical geographic name, not the full English label or exact tile boundary."
"15007841","229","97","24.14968","117.50000","WangLang","Xiamen","Southern Dongye Coast","region","false","false","Constructed regional label; approximate extent","https://fjnews.fjsen.com/wap/2022-12/27/content_31214114.htm","Source supports the historical geographic name, not the full English label or exact tile boundary."
"15073373","230","93","28.03737","118.75000","WangLang","Pucheng","Northern Dongye Frontier","region","false","false","Constructed regional label; approximate extent","https://fjnews.fjsen.com/wap/2022-12/27/content_31214114.htm","Source supports the historical geographic name, not the full English label or exact tile boundary."
"15073374","230","94","27.07767","118.12500","WangLang","Nanping","Northern Dongye Hinterland","region","false","false","Constructed regional label; approximate extent","https://fjnews.fjsen.com/wap/2022-12/27/content_31214114.htm","Source supports the historical geographic name, not the full English label or exact tile boundary."
"15073375","230","95","26.10968","118.75000","WangLang","Houguan","Dongye","settlement","false","false","Approximate game placement","https://fjnews.fjsen.com/wap/2022-12/27/content_31214114.htm","Tile coordinates are game hex centers, not surveyed ancient-site coordinates. Uses the older Dongye name because the dating of the change to Houguan is disputed."
"15073376","230","96","25.13362","118.12500","WangLang","Ximeicun","Southern Dongye Hinterland","region","false","false","Constructed regional label; approximate extent","https://fjnews.fjsen.com/wap/2022-12/27/content_31214114.htm","Source supports the historical geographic name, not the full English label or exact tile boundary."
"15138907","231","91","29.93112","120.00000","WangLang","Shanyin","Shanyin","settlement","true","true","Approximate game placement","https://zh.wikisource.org/zh-hant/後漢書/卷112","Tile coordinates are game hex centers, not surveyed ancient-site coordinates."
"15138909","231","93","28.03737","120.00000","WangLang","Lishui","Yongning","settlement","false","false","Approximate game placement","https://zh.wikisource.org/zh-hant/後漢書/卷112","Tile coordinates are game hex centers, not surveyed ancient-site coordinates."
"15138910","231","94","27.07767","119.37500","WangLang","Dongye","Eastern Dongye Highlands","region","false","false","Constructed regional label; approximate extent","https://fjnews.fjsen.com/wap/2022-12/27/content_31214114.htm","Source supports the historical geographic name, not the full English label or exact tile boundary."
"15204443","232","91","29.93112","121.25000","WangLang","Yin","Yin","settlement","false","false","Approximate game placement","https://zh.wikisource.org/zh-hant/後漢書/卷112","Tile coordinates are game hex centers, not surveyed ancient-site coordinates."
"15204444","232","92","28.98858","120.62500","WangLang","Yiwu","Wushang","settlement","false","false","Approximate game placement","https://zh.wikisource.org/zh-hant/後漢書/卷112","Tile coordinates are game hex centers, not surveyed ancient-site coordinates."
"15073371","230","91","29.93112","118.75000","YanBaihu","Huangshan","She","settlement","false","false","Approximate game placement","https://zh.wikisource.org/zh-hant/後漢書/卷112","Tile coordinates are game hex centers, not surveyed ancient-site coordinates."
"15073372","230","92","28.98858","118.12500","YanBaihu","Shangrao","Taimo","settlement","false","false","Approximate game placement","https://zh.wikisource.org/zh-hant/後漢書/卷112","Tile coordinates are game hex centers, not surveyed ancient-site coordinates."
"15138906","231","90","30.86482","119.37500","YanBaihu","Wu","Wucheng","settlement","true","false","Approximate game placement","https://zh.wikisource.org/zh-hant/後漢書/卷112","Tile coordinates are game hex centers, not surveyed ancient-site coordinates."
"15138908","231","92","28.98858","119.37500","YanBaihu","Jinhua","Changshan","settlement","false","false","Approximate game placement","https://www.jxwwbh.cn/ArticleShow.aspx?ID=3255","Tile coordinates are game hex centers, not surveyed ancient-site coordinates. Established in 191 or 192 according to differing records; both precede this scenario."
"15204442","232","90","30.86482","120.62500","YanBaihu","Haiyan","Wu","settlement","false","true","Approximate game placement","https://zh.wikisource.org/zh-hant/後漢書/卷112","Tile coordinates are game hex centers, not surveyed ancient-site coordinates."
